,organisation,Indeed profile page,Indeed rating,Code,Company,Sector
0,Deloitte,https://au.indeed.com/cmp/Deloitte,4.0,,,
1,Australian Government Department of Human Services,https://au.indeed.com/cmp/Australian-Government-Department-of-Human-Services,3.9,,,
2,International Institute of Data & Analytics,Not available,Not available,,,
3,IBM,https://au.indeed.com/cmp/IBM,3.9,,,
4,Cash Converters,https://au.indeed.com/cmp/Cash-Converters,3.5,,,
5,Tyro,Not available,Not available,,,
6,UniSuper,https://au.indeed.com/cmp/Unisuper,3.9,,,
7,Equifax,https://au.indeed.com/cmp/Equifax,3.6,,,
8,Suncorp Group,https://au.indeed.com/cmp/Suncorp-Group,3.8,,,
9,Woolworths Supermarkets,https://au.indeed.com/cmp/Woolworths-Supermarket,3.8,,,
10,EDG - Group Support Functions,Not available,Not available,,,
11,Deloitte,https://au.indeed.com/cmp/Deloitte,4.0,,,
12,Australian Bureau of Meteorology,https://au.indeed.com/cmp/Australian-Government-Bureau-of-Meteorology,3.7,,,
13,Munich Re,Not available,Not available,,,
14,QBE,https://au.indeed.com/cmp/Qbe,3.6,,,
15,DHL Supply Chain Australia,https://au.indeed.com/cmp/DHL-Supply-Chain,3.7,,,
16,GHD,https://au.indeed.com/cmp/Ghd,3.7,,,
17,Brown-Forman,https://au.indeed.com/cmp/Brown--forman,3.9,,,
18,Scout Talent HQ,Not available,Not available,,,
19,Queensland Government,https://au.indeed.com/cmp/Queensland-Government,4.0,,,
20,Australian Bureau of Meteorology,https://au.indeed.com/cmp/Australian-Government-Bureau-of-Meteorology,Not available,,,
21,Deloitte,https://au.indeed.com/cmp/Deloitte,Not available,,,
22,Queensland Rail,https://au.indeed.com/cmp/Queensland-Rail,Not available,,,
23,Envato,Not available,Not available,,,
24,Austin Health,https://au.indeed.com/cmp/Austin-Health-1,Not available,,,
25,Amazon Corporate Services Pty,https://au.indeed.com/cmp/Amazon.com,Not available,,,
26,World Vision Australia,https://au.indeed.com/cmp/World-Vision-Australia,Not available,,,
27,BT,https://au.indeed.com/cmp/Bt,Not available,,,
28,South Western Sydney Local Health District,https://au.indeed.com/cmp/South-Western-Sydney-Local-Health-District,Not available,,,
29,South Western Sydney Local Health District,https://au.indeed.com/cmp/South-Western-Sydney-Local-Health-District,4.4,,,
30,Austin Health,https://au.indeed.com/cmp/Austin-Health-1,4.2,,,
31,Australian Bureau of Meteorology,https://au.indeed.com/cmp/Australian-Government-Bureau-of-Meteorology,3.7,,,
32,Queensland Government,https://au.indeed.com/cmp/Queensland-Government,4.0,,,
33,Atlassian,https://au.indeed.com/cmp/Atlassian,4.5,,,
34,CSL Behring,https://au.indeed.com/cmp/Csl-Behring,3.2,,,
35,Cardno,https://au.indeed.com/cmp/Cardno,3.6,,,
36,Peregrine Corporation,https://au.indeed.com/cmp/Peregrine-Corporation,2.8,,,
37,Feedzai,Not available,Not available,,,
38,ACT Government,https://au.indeed.com/cmp/Act-Government,3.3,,,
39,Amazon Corporate Services Pty,https://au.indeed.com/cmp/Amazon.com,3.6,,,
40,TechSkills Accelerator,Not available,Not available,,,
41,TechSkills Accelerator,Not available,Not available,,,
42,Qantas Airways Limited,https://au.indeed.com/cmp/Qantas,4.1,,,
43,Internetrix,Not available,Not available,,,
44,International Institute of Data & Analytics,Not available,Not available,,,
45,IBM,https://au.indeed.com/cmp/IBM,3.9,,,
46,AWS Australia Pty Ltd,https://au.indeed.com/cmp/Amazon.com,3.6,,,
47,IBM,https://au.indeed.com/cmp/IBM,Not available,,,
48,Foxtel,https://au.indeed.com/cmp/Foxtel,Not available,,,
49,TechSkills Accelerator,Not available,Not available,,,
50,Firesoft People,Not available,Not available,,,
51,IBM,https://au.indeed.com/cmp/IBM,Not available,,,
52,IBM,https://au.indeed.com/cmp/IBM,Not available,,,
53,Motion Recruitment,Not available,Not available,,,
54,S2M,Not available,Not available,,,
55,ACT Government,https://au.indeed.com/cmp/Act-Government,Not available,,,
56,PRA,Not available,Not available,,,
57,Senversa,Not available,Not available,,,
58,IBM,https://au.indeed.com/cmp/IBM,Not available,,,
59,Metigy,Not available,Not available,,,
60,Firesoft People,Not available,Not available,,,
61,Michael Page,https://au.indeed.com/cmp/Michael-Page,Not available,,,
62,Oracle,https://au.indeed.com/cmp/Oracle,Not available,,,
63,Australian Communications and Media Authority,https://au.indeed.com/cmp/Australian-Communications-and-Media-Authority,Not available,,,
64,EY,https://au.indeed.com/cmp/Ey,Not available,,,
65,Commonwealth Bank,https://au.indeed.com/cmp/Commonwealth-Bank,Not available,,,
66,CSIRO,https://au.indeed.com/cmp/Csiro,Not available,,,
67,University of Melbourne,https://au.indeed.com/cmp/University-of-Melbourne,Not available,,,
68,EnviroAg Australia,Not available,Not available,,,
69,Michael Page,https://au.indeed.com/cmp/Michael-Page,Not available,,,
70,ERM Group,Not available,Not available,,,
71,Paxus,Not available,Not available,,,
72,TechSkills Accelerator,Not available,Not available,,,
73,Capgemini Australia,https://au.indeed.com/cmp/Capgemini,Not available,,,
74,IBM,https://au.indeed.com/cmp/IBM,Not available,,,
75,The Recruitment Company,Not available,Not available,,,
76,NSW Health Service,https://au.indeed.com/cmp/Nsw-Health,Not available,,,
77,Sedgman Limited,https://au.indeed.com/cmp/Sedgman-Limited,Not available,,,
78,IT Alliance Australia,Not available,Not available,,,
79,IBM,https://au.indeed.com/cmp/IBM,Not available,,,
80,ARQ Group,https://au.indeed.com/cmp/Arq-Group,Not available,,,
81,Verse Group,Not available,Not available,,,
82,Environment Protection Authority,Not available,Not available,,,
83,CSIRO,https://au.indeed.com/cmp/Csiro,Not available,,,
84,Australian National University,https://au.indeed.com/cmp/Australian-National-University,Not available,,,
85,Culture Amp,Not available,Not available,,,
86,Horizon Consulting,Not available,Not available,,,
87,Kayo Sports,Not available,Not available,,,
88,Aurecon Group,https://au.indeed.com/cmp/Aurecon-Group,Not available,,,
89,Queensland Government,https://au.indeed.com/cmp/Queensland-Government,Not available,,,
90,Deloitte,https://au.indeed.com/cmp/Deloitte,Not available,,,
91,NAB - National Australia Bank,https://au.indeed.com/cmp/Nab---National-Australia-Bank,Not available,,,
92,NSW Health Pathology,https://au.indeed.com/cmp/Nsw-Health,Not available,,,
93,ANZ Banking Group,https://au.indeed.com/cmp/Anz-Banking-Group,Not available,,,
94,ERM Group,Not available,Not available,,,
95,Capgemini Singapore,https://au.indeed.com/cmp/Capgemini,Not available,,,
96,AWS Australia Pty Ltd,https://au.indeed.com/cmp/Amazon.com,Not available,,,
97,NSW Health Pathology,https://au.indeed.com/cmp/Nsw-Health,Not available,,,
98,Paxus,Not available,Not available,,,
99,The University of Queensland,https://au.indeed.com/cmp/The-University-of-Queensland,Not available,,,
100,Mindcloud Consultants,Not available,Not available,,,
101,Department of Agriculture & Water Resources,https://au.indeed.com/cmp/Australian-Government-Department-of-Agriculture-and-Water-Resources,Not available,,,
102,Agri Labour Australia Pty Ltd,https://au.indeed.com/cmp/Agri-Labour-Australia-Pty-Ltd,Not available,,,
103,Human Capital Management Australia,Not available,Not available,,,
104,Adaps,Not available,Not available,,,
105,Stantec,Not available,Not available,,,
106,AECOM,https://au.indeed.com/cmp/AECOM,Not available,,,
107,Adaps,Not available,Not available,,,
108,Commonwealth Bank,https://au.indeed.com/cmp/Commonwealth-Bank,Not available,,,
109,Peoplebank,https://au.indeed.com/cmp/Peoplebank,Not available,,,
110,The University of Adelaide,https://au.indeed.com/cmp/The-University-of-Adelaide,Not available,,,
111,DXC,https://au.indeed.com/cmp/Dxc-Technology,Not available,,,
112,TabCorp Holdings,https://au.indeed.com/cmp/Tabcorp-Holdings,Not available,,,
113,Queensland Government,https://au.indeed.com/cmp/Queensland-Government,Not available,,,
114,IDEXX,https://au.indeed.com/cmp/Idexx-Laboratories,Not available,,,
115,NSW Health Pathology,https://au.indeed.com/cmp/Nsw-Health,Not available,,,
116,Peoplebank,https://au.indeed.com/cmp/Peoplebank,Not available,,,
117,Metigy,Not available,Not available,,,
118,Goulburn Valley Health,https://au.indeed.com/cmp/Goulburn-Valley-Health,Not available,,,
119,MinterEllison,https://au.indeed.com/cmp/Minterellison,Not available,,,
120,Hudson,https://au.indeed.com/cmp/Hudson,Not available,,,
121,Google,https://au.indeed.com/cmp/Google,Not available,,,
122,Precision Sourcing,https://au.indeed.com/cmp/Precision-Sourcing,Not available,,,
123,Department of Agriculture & Water Resources,https://au.indeed.com/cmp/Australian-Government-Department-of-Agriculture-and-Water-Resources,Not available,,,
124,KPMG,https://au.indeed.com/cmp/Kpmg,Not available,,,
125,Talent International,https://au.indeed.com/cmp/Talent-International,Not available,,,
126,Evolve Scientific Recruitment,https://au.indeed.com/cmp/Evolve-Scientific-Recruitment,Not available,,,
127,Beckman Coulter - Diagnostics Danaher,Not available,Not available,,,
128,Urbis,https://au.indeed.com/cmp/Urbis,Not available,,,
129,GFG Alliance,Not available,Not available,,,
130,Seeing Machines,Not available,Not available,DXS,Dexus,Real Estate
131,ANSTO,Not available,Not available,,,
132,Macquarie Group Limited,https://au.indeed.com/cmp/Macquarie-Group-Limited,Not available,,,
133,ERM Group,Not available,Not available,,,
134,Michael Page,https://au.indeed.com/cmp/Michael-Page,3.5,,,
135,TechSkills Accelerator,Not available,Not available,,,
136,Murdoch Childrens Research Institute,https://au.indeed.com/cmp/Murdoch-Children's-Research-Institute,4.4,,,
137,BT Financial Group,https://au.indeed.com/cmp/Westpac-Group,3.9,,,
138,Suncorp Group,https://au.indeed.com/cmp/Suncorp-Group,3.8,,,
139,Michael Page,https://au.indeed.com/cmp/Michael-Page,3.5,,,
140,NSW Health Pathology,https://au.indeed.com/cmp/Nsw-Health,3.9,,,
141,WSP,https://au.indeed.com/cmp/Wsp,3.7,,,
142,Equifax,https://au.indeed.com/cmp/Equifax,3.6,,,
143,KPMG,https://au.indeed.com/cmp/Kpmg,Not available,,,
144,CSIRO,https://au.indeed.com/cmp/Csiro,Not available,,,
145,Seeing Machines,Not available,Not available,,,
146,Morgan Stanley,https://au.indeed.com/cmp/Morgan-Stanley,Not available,,,
147,Canva,Not available,Not available,,,
148,Nielsen,https://au.indeed.com/cmp/Nielsen,Not available,,,
149,CSIRO,https://au.indeed.com/cmp/Csiro,Not available,,,
150,AstraZeneca,https://au.indeed.com/cmp/Astrazeneca,Not available,,,
151,Macquarie Group Limited,https://au.indeed.com/cmp/Macquarie-Group-Limited,Not available,,,
152,KPMG,https://au.indeed.com/cmp/Kpmg,Not available,,,
153,MSLGROUP Germany,Not available,Not available,,,
154,Citi,https://au.indeed.com/cmp/Citi,Not available,,,
155,The University of Queensland,https://au.indeed.com/cmp/The-University-of-Queensland,Not available,,,
156,Qualtrics,Not available,Not available,,,
157,CSIRO,https://au.indeed.com/cmp/Csiro,Not available,,,
158,Moreland City Council,https://au.indeed.com/cmp/Moreland-City-Council,Not available,,,
159,University Of Technology Sydney,https://au.indeed.com/cmp/University-of-Technology-Sydney,Not available,,,
160,Hyper Anna,Not available,Not available,,,
161,Origin Energy,https://au.indeed.com/cmp/Origin-Energy,Not available,,,
162,NSW Health Pathology,https://au.indeed.com/cmp/Nsw-Health,Not available,,,
163,NSW Health Pathology,https://au.indeed.com/cmp/Nsw-Health,Not available,,,
164,Golder Associates,https://au.indeed.com/cmp/Golder-Associates,Not available,,,
165,CSIRO,https://au.indeed.com/cmp/Csiro,Not available,,,
166,AstraZeneca,https://au.indeed.com/cmp/Astrazeneca,Not available,,,
167,Domain Group,https://au.indeed.com/cmp/Domain-Group,Not available,,,
168,TechSkills Accelerator,Not available,Not available,,,
169,Mable,https://au.indeed.com/cmp/Mable,Not available,,,
170,IQVIA,https://au.indeed.com/cmp/Iqvia,Not available,,,
171,Commonwealth Bank,https://au.indeed.com/cmp/Commonwealth-Bank,4.1,,,
172,University of New South Wales,https://au.indeed.com/cmp/University-of-New-South-Wales,4.2,,,
173,CSIRO,https://au.indeed.com/cmp/Csiro,4.2,,,
174,ACT Health,https://au.indeed.com/cmp/Act-Health,3.0,,,
175,Deloitte,https://au.indeed.com/cmp/Deloitte,4.0,,,
176,NSW Health Pathology,https://au.indeed.com/cmp/Nsw-Health,3.9,,,
177,ACT Health,https://au.indeed.com/cmp/Act-Health,3.0,,,
178,Nielsen,https://au.indeed.com/cmp/Nielsen,3.8,,,
179,Melbourne Health,https://au.indeed.com/cmp/Royal-Melbourne-Hospital,4.2,,,
180,HAYS,https://au.indeed.com/cmp/Hays,3.6,,,
181,2XM Technology Pty Ltd,Not available,Not available,,,
182,Australian Government Department of Defence,https://au.indeed.com/cmp/Australian-Department-of-Defence,Not available,,,
183,Australian National University,https://au.indeed.com/cmp/Australian-National-University,Not available,,,
184,Cardno,https://au.indeed.com/cmp/Cardno,Not available,,,
185,Qualtrics,Not available,Not available,,,
186,Sensis Pty Ltd,https://au.indeed.com/cmp/Sensis-Pty-Ltd,Not available,,,
187,carsales.com.au,https://au.indeed.com/cmp/Carsales.com.au,Not available,,,
188,BNY Mellon,https://au.indeed.com/cmp/Bny-Mellon,Not available,,,
189,PSI CRO,Not available,Not available,,,
190,Hyper Anna,Not available,Not available,,,
191,Komatsu,https://au.indeed.com/cmp/Komatsu,3.9,,,
192,JP Morgan Chase,https://au.indeed.com/cmp/JPMorgan-Chase,3.9,,,
193,Ambition,Not available,Not available,,,
194,Australian Wildlife Conservancy,Not available,Not available,,,
195,SOS Recruitment Australia,Not available,Not available,,,
196,TechSkills Accelerator,Not available,Not available,,,
197,Michael Page,https://au.indeed.com/cmp/Michael-Page,3.5,,,
198,Dexus,https://au.indeed.com/cmp/Dexus,4.2,,,
199,Ambition,Not available,Not available,,,
200,Cash Converters,https://au.indeed.com/cmp/Cash-Converters,3.5,,,
201,Seeing Machines,Not available,Not available,,,
202,NSW Health Pathology,https://au.indeed.com/cmp/Nsw-Health,3.9,,,
203,University of Melbourne,https://au.indeed.com/cmp/University-of-Melbourne,4.4,,,
204,Deliveroo,https://au.indeed.com/cmp/Deliveroo,3.4,,,
205,Canva,Not available,Not available,,,
206,The University of Queensland,https://au.indeed.com/cmp/The-University-of-Queensland,4.3,,,
207,Spark Recruitment,Not available,Not available,,,
208,AMP Limited,https://au.indeed.com/cmp/Amp,3.9,,,
209,CBRE Asia Pacific,https://au.indeed.com/cmp/Cbre-Asia-Pacific,3.9,,,
210,REA Group,https://au.indeed.com/cmp/Rea-Group,4.0,,,
211,PAREXEL International,Not available,Not available,,,
212,Qantas Airways Limited,https://au.indeed.com/cmp/Qantas,4.1,,,
213,AMP Limited,https://au.indeed.com/cmp/Amp,3.9,,,
214,Equifax,https://au.indeed.com/cmp/Equifax,3.6,,,
215,Firesoft People,Not available,Not available,,,
216,Macquarie Group Limited,https://au.indeed.com/cmp/Macquarie-Group-Limited,3.9,,,
217,Blue Mountains City Council,https://au.indeed.com/cmp/Blue-Mountains-City-Council,4.1,,,
218,REA Group,https://au.indeed.com/cmp/Rea-Group,4.0,,,
219,HAYS,https://au.indeed.com/cmp/Hays,3.6,,,
220,NSW Health Pathology,https://au.indeed.com/cmp/Nsw-Health,3.9,,,
221,The University of Queensland,https://au.indeed.com/cmp/The-University-of-Queensland,Not available,,,
222,Thermo Fisher Scientific,https://au.indeed.com/cmp/Thermo-Fisher-Scientific,Not available,,,
223,Hyper Anna,Not available,Not available,,,
224,CBRE Asia Pacific,https://au.indeed.com/cmp/Cbre-Asia-Pacific,Not available,,,
225,Hitachi Vantara,Not available,Not available,,,
226,Atlassian,https://au.indeed.com/cmp/Atlassian,Not available,,,
227,Xero,Not available,Not available,,,
228,Accenture,https://au.indeed.com/cmp/Accenture,Not available,,,
229,MediaCom,Not available,Not available,,,
230,NSW Health Pathology,https://au.indeed.com/cmp/Nsw-Health,Not available,,,
231,HAYS,https://au.indeed.com/cmp/Hays,3.6,,,
232,NSW Health Pathology,https://au.indeed.com/cmp/Nsw-Health,3.9,,,
233,SAS Institute,Not available,Not available,,,
234,Bayer AG,https://au.indeed.com/cmp/Bayer,4.2,,,
235,Morningstar,Not available,Not available,,,
236,Clemenger Group,https://au.indeed.com/cmp/Clemenger-Group,3.0,,,
237,CSIRO,https://au.indeed.com/cmp/Csiro,4.2,,,
238,NSW Health Pathology,https://au.indeed.com/cmp/Nsw-Health,3.9,,,
239,TechSkills Accelerator,Not available,Not available,,,
240,ERM Group,Not available,Not available,,,
241,NSW Health Pathology,https://au.indeed.com/cmp/Nsw-Health,Not available,,,
242,viiew,Not available,Not available,,,
243,Lockheed Martin Australia,https://au.indeed.com/cmp/Lockheed-Martin,Not available,,,
244,Robert Walters,https://au.indeed.com/cmp/Robert-Walters,Not available,,,
245,Cray,Not available,Not available,,,
246,CY Partner,Not available,Not available,,,
247,Deloitte,https://au.indeed.com/cmp/Deloitte,Not available,,,
248,Ambition,Not available,Not available,,,
249,Bank of America,https://au.indeed.com/cmp/Bank-of-America,Not available,,,
250,Golder Associates,https://au.indeed.com/cmp/Golder-Associates,Not available,,,
251,TechSkills Accelerator,Not available,Not available,,,
252,NSW Health Pathology,https://au.indeed.com/cmp/Nsw-Health,Not available,,,
253,CSIRO,https://au.indeed.com/cmp/Csiro,Not available,,,
254,Ambition,Not available,Not available,,,
255,Catapult Sports,Not available,Not available,,,
256,NAB - National Australia Bank,https://au.indeed.com/cmp/Nab---National-Australia-Bank,Not available,,,
257,TechSkills Accelerator,Not available,Not available,,,
258,Anton Murray Consulting,Not available,Not available,,,
259,Virgin Australia,https://au.indeed.com/cmp/Virgin-Australia-Airlines,Not available,,,
260,Feedzai,Not available,Not available,,,
261,AECOM,https://au.indeed.com/cmp/AECOM,3.7,,,
262,Commonwealth Bank,https://au.indeed.com/cmp/Commonwealth-Bank,4.1,,,
263,NSW Health Pathology,https://au.indeed.com/cmp/Nsw-Health,3.9,,,
264,hipages,Not available,Not available,,,
