,0
and,772
data,725
of,380
to,363
a,356
the,251
with,240
in,215
Data,193
for,150
will,138
are,109
team,105
be,105
scientists,90
working,83
or,78
is,76
an,76
as,74
experience,74
you,66
by,62
"scientists,",62
on,59
You,57
Scientist,52
our,51
analysis,50
who,49
work,48
have,48
from,44
and…,43
engineers,42
Experience,39
data.,39
scientist,38
software,38
role,38
that,37
business,37
Scientists,36
This,36
"engineers,",36
science,35
their,34
Strong,34
large,33
skills,31
closely,31
The,31
We,31
including,30
complex,30
product,29
"analysis,",28
looking,26
big,25
&,25
high,25
across,24
sets,23
group,23
using,23
experienced,23
research,23
unique,23
can,22
analytics,22
support,22
help,22
at,22
other,22
has,21
Research,21
opportunity,21
lead,21
Senior,21
Our,21
"data,",21
talented,21
project,20
supported,20
Engineers,20
joining,20
building,19
new,19
management,19
AI,19
strong,19
leading,19
interpretation,18
ability,18
highly,18
Analyst,18
within,18
Engineer,18
of…,18
machine,18
range,18
Working,18
join,18
-,17
technical,17
clinical,17
design,17
your,17
statistical,17
solutions,16
As,16
build,16
cross,16
integration,16
strategy,16
into,16
insights,16
learning,16
development,16
to…,15
the…,15
all,15
client,15
network,15
background,15
systems,15
teams,15
governance,15
They,15
would,15
platform,15
one,15
pathologists,14
Are,14
passionate,14
provide,14
quality,14
growing,14
driven,14
both,14
data…,14
demographic,14
analysts,14
sports,14
technicians,14
entry,14
deliver,14
Big,13
develop,13
functional,13
analyse,13
manage,13
well,13
Ability,13
this,13
modelling,13
"Engineers,",13
leaders,12
define,12
best,12
recommend,12
detail,12
information,12
|,12
some,12
scope,12
You'll,12
Excellent,12
years,12
interpret,12
"storage,",11
seeking,11
Analytics,11
up,11
specifically,11
use,11
"components,",11
projects,11
about,11
/,11
Azure,11
attention,11
quantitative,11
used,11
Work,11
reporting,11
virtualisation,11
enterprise,11
in…,11
components,11
managers,11
sufficient,11
"Scientist,",10
products,10
challenges,10
we,10
preferable.,10
businesses,10
close,10
experts,10
prior,10
exceptionally,10
"QA,",10
candidates,10
built,10
responsible,10
problems,10
analyst,10
"Analyst,",10
"managers,",10
affiliation,10
knitted,10
solve,10
Automation,10
forefront,10
designers,10
learn,10
field.,10
"consultants,",10
computer,10
Senor,10
knowledge,10
models,10
expertise,10
Product,10
exceptional,10
ensure,10
"management,",9
Science,9
+,9
transformation,9
it,9
risk,9
Machine,9
ETL,9
beneficial.,9
bonus!,9
making,9
such,9
techniques,9
An,9
relevant,9
staff,9
"statisticians,",8
Analysis,8
more,8
key,8
control,8
end,8
so,8
engineers.Data,8
talent,8
requirements,8
combine,8
Tech,8
processing,8
You’ll,8
tools,8
and/or,8
visualisation,8
market,8
manipulate,8
analytical,8
good,8
multi-disciplinary,8
"Developer,",8
Health,8
user,8
related,8
accomplished,8
senior,8
real,8
A,8
In,8
make,8
Demonstrated,8
accuracy.Our,8
bring,8
scientists.Are,8
performance,8
study,7
"analytics,",7
understand,7
field,7
validation,7
us,7
you'll,7
hands-on,7
model,7
efficient,7
We're,7
dynamic,7
industry-,7
collection,7
someone,7
accuracy,7
performing,7
Ensuring,7
SAS,7
Designers,7
experimental,7
technology,7
Environmental,7
SQL,7
required,7
part,7
start,7
waves,7
Quantitative,7
innovation,7
Business,7
spans,7
"analysts,",7
–,7
environmental,7
based,7
"developers,",7
Health…,7
fast,7
interest,6
model's,6
deploy,6
passion,6
appropriately,6
algorithmic,6
which,6
"issues,",6
"doctors,",6
multi-functional,6
alongside,6
Proven,6
together,6
raw,6
focus,6
identify,6
better,6
"team,",6
System,6
evaluate,6
collaborate,6
available,6
exciting,6
Management,6
Join,6
support…,6
problems.,6
programming,6
"Analysts,",6
Control,6
strategies.,6
a…,6
professional,6
methodology,6
external,6
sources,6
also,6
address,6
been,6
Australia’s,6
quickly,6
"application,",6
Collaborate,6
qualified,6
delivery,6
track,6
configure,6
regulatory,6
its…,6
engineers.,6
multiple,6
various,6
analyze,6
fit-for-purpose,6
position,6
"Excel,",6
Professional,6
independent,6
analysing,6
"implementation,",6
helping,6
excellent,6
methods,5
Head,5
Previous,5
sets.,5
extracting,5
able,5
"technologists,…",5
scientific,5
experience.,5
stakeholders.,5
Services,5
Build,5
variety,5
patients.,5
over,5
"actuaries,",5
discovery,5
"algorithms,",5
different,5
diverse,5
established,5
enthusiastic,5
top,5
3,5
Define,5
storage,5
create,5
common,5
Australia,5
need,5
effective,5
technologies.,5
report,5
may,5
organisation,5
growth,5
specialist,5
Develop,5
level,5
review,5
database,5
understanding,5
Engineering,5
Sydney,5
search,5
future,5
transform,5
improve,5
allow,5
through,5
"sets,",5
exposure,5
perform,5
scientists.,5
team.,5
Sleep,5
structures,5
Provide,5
accurate,5
way,5
where,5
assess,5
"designers,",5
advanced,5
Founded,5
latest,5
dedicated,5
integrity,5
inputs,4
stakeholders,4
company,4
"manager,",4
algorithms,4
"modelling,",4
Software,4
not,4
developed,4
PowerPoint,4
monitoring,4
undertake,4
enable,4
accurately,4
"science,",4
Lead,4
"Learning,",4
"plans,",4
down,4
provides,4
application,4
do,4
most,4
you’ll,4
industry,4
proven,4
At,4
provided,4
member,4
web,4
CSIRO’s,4
activities,4
"Scientists,",4
development…,4
manipulating,4
Principal,4
currently,4
world,4
successful,4
engineering,4
media,4
conduct,4
Understanding,4
fortunate,4
"sensitivity,",4
analysis?,4
includes,4
elements,4
ROLE,4
contract,4
3+,4
expert,4
marketing,4
than,4
implementation,4
(and,4
Your,4
engaged,4
digital,4
training,4
engineer,4
customer,4
environment,4
services,4
mentor,4
run,4
system,4
greatest,4
Knowledge,4
remote,4
applied,4
algorithm,4
sales,4
they,4
PET,4
candidate,4
graphic,4
"databases,",4
distributed,4
technologies,4
is…,4
frameworks,4
powered,4
"hackers,",4
focused,4
"strategy,",4
life,4
IT,4
"ownership,",4
industry-leading,4
data;Providing,4
samples,4
pipelines,4
cleansing,4
"dictionaries,",4
world’s,4
usage,4
"structures,",4
Level,4
"Developers,",4
"entry,",4
Background,4
privileges…,4
structured,4
Learning,4
"lineage,",4
project.,4
degree,4
And,4
writing,4
collaborating,4
medical,4
decision,4
"scoping,",4
data-driven,4
managing,4
"approaches,",4
"skills,",4
squads,3
"Manage,",3
R,3
providing,3
you?,3
"Australia,",3
record,3
fit,3
Systems,3
generate,3
think,3
community.,3
leveraging,3
unstructured,3
What,3
business…,3
…,3
multi-asset,3
groups,3
further,3
investment-focused,3
existing…,3
brands,3
We’re,3
junior,3
"CapIQ,",3
disparate,3
but,3
temporal,3
systems.,3
flow).,3
being,3
very,3
developing,3
set,3
environment.,3
structure,3
(e.g.,3
treatments,3
analytics.,3
"Statistics,",3
responsibility,3
"applied,",3
suited.,3
problem,3
and/or…,3
or…,3
testing,3
multi-billion,3
solid,3
designing,3
cleaning,3
scientist.,3
principles,3
learning/deep,3
options,3
Career,3
environments,3
mandates.,3
minds,3
computational,3
capability.,3
applicants,3
spatial,3
especially,3
process,3
QUALIFICATIONS,3
imaging,3
see,3
decisions,3
industries,3
six,3
Developing,3
Google,3
DevOps,3
"Agencies,",3
Equity,3
drive,3
internal,3
Data…,3
Gather,3
"Bloomberg,",3
Quant,3
aerospace,3
creating,3
innovative,3
THE,3
"S&P,",3
find,3
providers,3
essential.,3
overall,3
programs,3
dollar,3
Feedzai,3
"Science,",3
students,3
"architects,",3
compliance,3
clients,3
ASX,3
forecasting,3
"Thomson,",3
With,3
ideally,3
"technology,",3
"Managers,",3
legendary…,3
insights.,3
demonstrated,3
reliable,3
mapping.,3
Talenza,3
Development,3
exploitation,3
integrated,3
extract,3
Postdoctoral,3
test,3
turn,3
scaling,3
step,3
enhance,3
supporting,3
relationships,3
Network,3
"analyst,",3
current,3
"Dealogic,",3
consultants,3
what,3
world-class,3
by…,3
impactful,3
Stack,3
largest,3
"development,",3
"collection,",3
people,3
supportive,3
"AWS,",3
PROFILE,3
Rating,3
Analyst…,3
delivering,3
present,3
our…,3
expected,3
existing,3
production,3
Full,3
Governance,3
Established,3
"1994,",3
Data61,3
gathering,3
5+,3
an…,3
positions,3
"Designers,",3
"Hadoop,",3
etc,3
committed,3
"governance,",3
explore,3
product…,3
others,3
solving,3
preparing,3
Credit,3
communication,3
ambitious,3
databases,3
household,3
"extract,",3
portfolio,3
was,3
agile,3
things,3
Apache,3
"stores,",3
legacy,3
easily,2
Identification,2
choices,2
execution,2
"collection.Deloitte,",2
lineage,2
full,2
who.This,2
searches,2
created,2
Processing,2
agreed,2
Predictive,2
Pricing,2
financial,2
natural,2
world's,2
risk.Identify,2
mobile,2
real…,2
2nd,2
start-ups,2
Partner,2
engineering…,2
outcome,2
Post,2
studying…,2
several,2
gained.,2
(business,2
Identifying,2
analysis?You,2
time,2
capabilities,2
Platform,2
"testing,",2
partner,2
implement,2
Melbourne.,2
wide,2
modern,2
"scientists,…",2
"field,",2
pre-trade,2
quant/market,2
organization,2
products…,2
Unified,2
excel.Ability,2
analysis.,2
careers,2
versed,2
progressive,2
contaminated,2
inspire,2
"users,",2
"manage,",2
thrives,2
"economic,",2
solutions;,2
assimilation,2
models.Ideally,2
Start-Up,2
Enable,2
like,2
data;,2
owners,2
consulting,2
"multi-functional,",2
experience…,2
reception,2
"Intelligence,",2
Microsoft,2
Managing,2
Create,2
Fellowships…,2
include:,2
delivering.,2
"problems,",2
entrepreneurs,2
Undertake,2
professionals.,2
languages,2
Australasian,2
patterns,2
mapping,2
"storage,…",2
specimen,2
Perfect,2
FM,2
ensuring,2
along,2
Extract,2
Appier,2
3rd,2
advertising,2
analytics…,2
represent,2
trade-offs,2
involve,2
Queensland,2
"ETL,",2
pull,2
simulation,2
Australian,2
structuring,2
warehouses,2
"errors,",2
"agile,",2
map,2
data.Represent,2
EL,2
how,2
Databricks,2
"interpersonal,",2
ways,2
results,2
Computer,2
publications.,2
Technology,2
ROLE:,2
marketplace,2
scientists.We,2
"systems,",2
content,2
Expertise,2
reports,2
internet-scale,2
"design,",2
brainstorming,2
survey,2
"residency,",2
imperative,2
responsibilities,2
ongoing,2
consultation,2
individual,2
looks,2
number,2
Energy,2
interesting,2
beyond,2
recruitment…,2
BigDatr,2
maximise,2
sources.,2
"intelligence,",2
following,2
entering,2
investment,2
unit,2
landscapes,2
types,2
rare,2
Australia.,2
.,2
seek,2
to.,2
success,2
influence,2
collection.,2
Guidance,2
Evidence,2
FOR,2
site…,2
Assemble,2
patients,2
predictive,2
lab,2
"warehousing,",2
interrogate,2
deep,2
appoint,2
Team,2
"practitioner,",2
generation,2
vulnerability,2
Workplace,2
employees,2
lookout,2
enablers,2
for:,2
Statistical,2
healthcare,2
Reshape,2
Technical,2
provision,2
"collect,",2
apply,2
"sources,",2
developer,2
art,2
creates,2
presentation,2
efficiency,2
household…,2
TO,2
accuracy.,2
changes,2
Utilise,2
Investigate,2
rapid,2
party,2
"economics,",2
"gaps,",2
thinking,2
Engage,2
depending,2
tech,2
models.,2
Advise,2
My,2
Able,2
service,2
its,2
right,2
collaborative,2
edge,2
operating,2
relating,2
"coordinators,",2
engage,2
*.Management,2
mission…,2
future…,2
(Job,2
literature,2
volume,2
in-depth,2
align,2
approach,2
runs.,2
implementing,2
instrumentation,2
broader,2
FMCG,2
"learning,",2
conjunction,2
Protein,2
Bureau,2
strategic,2
KNOW,2
integrity),2
Q,2
grow,2
"processing,",2
industrial,2
artists,2
knowledgeable,2
"plan,",2
"programmers,",2
-AI-NLP,2
utilized,2
inform,2
conclusions,2
questions,2
get,2
Up,2
huge,2
(object,2
2012,2
function,2
images,2
Scientist:,2
four,2
scale,2
complement,2
Proficiency,2
"1st,",2
source,2
"@Metigy,",2
"statistics,",2
Advanced,2
small,2
proposal,2
and.,2
serve,2
technologies.Detailed,2
techniques.,2
interpreting/analysing,2
Dev,2
"R,",2
"(pitfalls,",2
manipulation,2
genomic,2
Marketing,2
first,2
Devops,2
Collaborating,2
"resources,",2
scientists.Data,2
Line,2
timely,2
There,2
relation,2
aspiring,2
ranked,2
maintain,2
commercial,2
integral,2
oral,2
Artificial,2
FTH,2
smarter,2
consumer,2
BI,2
eager,2
JavaScript,2
"market,",2
"Python,",2
program,2
"Insights,",2
Modelling,2
files,2
partnerships,2
MS,2
every,2
Integrity,2
Early,2
(HP3),2
including…,2
rapidly,2
physics,2
tools.,2
agile…,2
phased,2
improving,2
Business…,2
solvers…,2
centered,2
great,2
premier,2
written,2
physical,2
Start,2
any,2
roles).Pricing,2
desirable.,2
term,2
necessary,2
back,2
Intelligence,2
"Data61,",2
among,2
Apply,2
significant,2
features,2
members.,2
teach,2
coach,2
subject,2
10,2
"scale,",2
science…,2
data.He/she,2
Testers,2
organisation.,2
developed.,2
Leading,2
Australia's,2
job,2
needs,2
oversee,2
surveys,2
disciplinary,2
complete,2
(CERC),2
experiments,2
communicating,2
higher,2
consistency,2
give,2
Maintaining,2
Python,2
"procedures,…",2
large-scale,2
shoulder-to-shoulder,2
Antibody,2
required.,2
"researchers,",2
toolkits.,2
Meteorology,2
3D,2
love,2
gather,2
go,2
them,2
original,2
Government,2
cleanse,2
Eliiza,2
Melbourne.IBM,2
even,2
Analysing,2
conduct…,2
care,2
daily,2
preparation,2
perfect,2
clients.,2
similar,2
Program,2
regular,2
"Research,",2
creators,2
"Manager,",2
Have,2
big…,2
Analysts,2
they.,2
Scientist.,2
textual,2
pathology,2
"experts,",2
Mid-Senior,2
to:,2
developers,2
CSIRO,2
"Visualisation,",2
marketing…,2
IoT,2
(such,2
"nurses,",2
WPF,2
CRM,2
"AI,",2
"analyses,",2
operational,2
access,2
issues.The,2
retail,2
validate,2
roles,2
limited,2
Sports,2
trends,2
automate,2
include,2
MRI,2
hand,2
"Spark™,",2
fantastic,2
my,2
processes.,2
use…,2
modeling,2
geographic,2
modelling.,2
global,2
equivalent,2
Consistently,2
amounts,2
coordinate,2
Corporate,2
succeed.,2
recognised,2
24,2
"Biology,",2
lakes,2
actually,2
visualise,2
Managers,2
"developing,",2
engaging,2
sensing,2
real-time,2
functions,2
warehouse,2
platforms,2
Consultants,2
"pre-processing,",2
support),2
IDA,2
cutting,2
Postdoc,2
"manipulation,",2
researchers,2
awareness,2
smart,2
Global,2
banking,2
contribute,2
multi-discipline,2
mission,2
presentation.,2
informed,2
levels,2
imputation,2
"dynamic,",2
Scientists.,2
Respiratory,2
matter,2
predict,2
own,2
"practice,",2
Be,2
best…,1
"sets,.Scientists",1
hiring,1
Employment,1
supervision,1
scripts,1
way.,1
mutual,1
business.,1
Hadoop.,1
IBM,1
Proximity.,1
corporate,1
"architecture,",1
diversified,1
"maintainers,",1
prototypes,1
one.Of,1
"analyze,…",1
"indicators,",1
active,1
"productionisation,",1
scientist.You,1
applications.Experience,1
"(engineers,",1
"(actuaries,",1
"scaling,",1
arisen,1
vision,1
sets;Collaborate,1
strategy.Develop,1
manner,1
cross-functional,1
Performance,1
Structured,1
local,1
Diversified,1
window.The,1
Buy-Side,1
Section,1
joint,1
"RCH,",1
super,1
Classify,1
OR,1
contractors.,1
analysts…,1
HDR.Is,1
"computing,",1
"demonstrations,",1
inventory,1
scientists…,1
the.Support,1
property,1
YOU!,1
2-3,1
Facebook,1
skills.Ecosure,1
levels.,1
Knows,1
Governance.Supporting,1
"internship,",1
procedures,1
bespoke,1
improves,1
Qantas,1
Electrical,1
services…,1
CCG…,1
SLA.Managing,1
"techniques,",1
Performing,1
lives,1
But,1
Supporting,1
MCRI,1
"Lead,",1
custom,1
"""Apply",1
cloud.Talenza,1
"empathy,",1
Arq,1
Dashboard,1
do.,1
solutions;Experience,1
platform.,1
Passionate,1
"you,",1
Understand,1
well-respected,1
(using,1
chance,1
public,1
ELK.,1
data-related,1
optimise,1
approaches,1
"Front-end,",1
goods,1
These,1
involving,1
Improve,1
UX/UI,1
knowledge?,1
feedback,1
advice,1
rationalise…,1
IQVIA™,1
insights.Technical,1
infants,1
"edge,",1
Specialist,1
visualization,1
UX,1
Can,1
pre-processing,1
come,1
basic,1
competitive,1
imagery…,1
Mountains,1
if,1
buying,1
firm,1
team.Cloud,1
datasets,1
Supported,1
"collecting,",1
specialists,1
divisions,1
talk,1
commercially,1
“customer”,1
"Gravity,",1
"solved,",1
full-time,1
topics:,1
Hydraulics,1
operate,1
Responsible,1
preferences.Researching,1
clinicians,1
motivated,1
massive…,1
"Transfusion,",1
leaders.,1
Assess,1
scalable,1
"Markets,",1
environment…,1
003,1
V,1
usage.,1
JMP,1
Formulation,1
"Keras,",1
Immersive,1
Bio,1
collect,1
analytic,1
building…,1
analytic…,1
End,1
Splunk,1
opportunities,1
behaviour,1
landscape,1
"ECG,",1
Dr.,1
"stewards,",1
What’s,1
McGowan,1
Academy,1
video,1
timelines,1
since,1
scientists.Data61,1
Most,1
distributed…,1
"plans,.Auditing",1
What's,1
"reception,",1
models.Running,1
revolutionary,1
pattern,1
customers.,1
load,1
>.,1
Luina,1
demographics,1
laboratory,1
2003,1
processes,1
we're,1
"installing,",1
methodologies,1
ranging,1
hi-growth,1
Validates,1
"JSON,",1
results.Apply,1
difference,1
example,1
focussed,1
trumps,1
"CBRE,",1
facilities.,1
e.g.,1
thousands,1
two,1
interface.,1
"Tatts,",1
escalate,1
architecture.Work,1
Preparing,1
conducting,1
place,1
exp.Candidate,1
Tyro.,1
interface,1
brilliance.,1
shape,1
embryology,1
Cardno’s,1
defining,1
"SAS,",1
42,1
Agile…,1
years’…,1
learning…,1
documenting,1
want,1
fluency,1
Resident.,1
deploying,1
scientists),1
Want,1
"usage,",1
"validating,",1
transit,1
Browning,1
linked,1
an.,1
methodology;,1
techniques.You,1
approved,1
"pets,",1
Polysomnography,1
machine…,1
analysis?Established,1
future.,1
disciplines,1
batch/stream…,1
Market,1
skills.We,1
one….,1
store…,1
Science/,1
4,1
sequence,1
analysts/scientists,1
analysis.Please,1
appropriate.,1
credit,1
solutions.Bachelor's,1
(i.e.,1
above,1
direction,1
"minds,",1
creative,1
for:As,1
newly-incorporated,1
each,1
materials,1
Policy,1
augmented,1
image,1
"integrity,",1
next,1
coding,1
Kalman,1
GET,1
metrics.,1
instruments,1
giant,1
manipulation.Collecting,1
located…,1
(HPC),1
colleagues,1
'making,1
transfer,1
implementation…,1
models.This,1
links,1
Analytics.Visualization,1
setting,1
AWS,1
inversion,1
inquisitive,1
study…,1
Sullivan,1
enable…,1
abilities.,1
exploratory,1
bioinformatics,1
information.Work,1
Exempt.,1
product.,1
human…,1
"Hive,",1
"insight,",1
"innovation,",1
audits,1
moderate,1
reduce,1
(AAi),1
CHE,1
adhere,1
Nicolaides,1
CBD,1
practices,1
"Transform,",1
assessment,1
systems.Ø,1
projects.How,1
analytics.Ability,1
bringing…,1
attitude.,1
entry;The,1
sensitive,1
insightful,1
Advancing,1
creativity,1
doing...,1
business-focused,1
document,1
populate,1
hydrogeological,1
evolve,1
"analytic,",1
Spark,1
Securely,1
banks,1
really,1
no,1
POCs.WHAT’S,1
operation.,1
deeper,1
plaftorms,1
Actuaries,1
Division,1
Association,1
extremely,1
Airflow).,1
"Python,…",1
Helping,1
bringing,1
innovations,1
three,1
Resolution,1
"reliability,",1
2020.,1
appropriate,1
internally,1
reporting.You,1
(Senior,1
control).,1
ingestion,1
validating,1
tailored,1
Evolve:,1
complexity.,1
12,1
Macquarie,1
Prepare,1
reference…,1
Ml,1
NLP.,1
starting,1
Perm,1
operations.,1
extensive,1
greenfield…,1
partners,1
valid,1
strategically,1
January,1
analysis.You,1
deriving,1
"insights,…",1
develop…,1
Now,1
"sets,.",1
be…,1
detection-190013BD.A,1
"CTOs,",1
between,1
"playground,",1
roles).What,1
"clients,",1
life-changing,1
"Mathematics,",1
creation,1
Success.,1
just,1
making.,1
engineering.,1
creatives,1
MERN,1
ingest,1
SIEM,1
query,1
knowledge?This,1
"relevant,",1
(E.g.,1
Collaborates,1
stage,1
data.Design,1
empowering,1
data.Scientists,1
Product…,1
Contract-,1
applying,1
experience).,1
Bioprocess,1
5,1
Degree,1
Intermediate,1
hybrid,1
car…,1
optimisers.,1
if:You,1
"analytics,…",1
"Analytics,",1
"designing,",1
etc.Knowledge,1
facilitate,1
cases,1
basis.,1
manages,1
(Some,1
compare,1
Consultant,1
Consulting,1
Learning.,1
makes,1
committee/working,1
"markets,",1
non-retail,1
ready-to-use,1
engineers.You,1
authentic,1
artificial,1
"vendors/suppliers,",1
on…,1
Melborne.Core,1
owners.,1
breakthrough,1
School,1
IN,1
skills…,1
"services,",1
enhancing,1
relational,1
software.We,1
sales.,1
coaching,1
AQ1,1
land,1
look,1
queries.Your,1
state-of-the-art,1
"Intelligence,…",1
Excel,1
"languages,",1
competencies,1
IDEXX,1
More,1
Sound,1
skills.This,1
believe,1
opportunities.This,1
"Managing,",1
duplication…,1
Cloud.,1
(Banks,1
data;Experience,1
high-level,1
"stocks,",1
"accurate,",1
progression,1
uplift…,1
sububrs,1
lifesaving,1
often,1
tasks,1
machinery,1
"Headquarters,",1
Passion,1
records,1
you:,1
investigations,1
issues,1
Cloudera,1
pipelines.As,1
Hire,1
rankings,1
data.Supervision,1
"numpy/scipy,",1
warehousing,1
covering,1
innovation…,1
priorities.,1
actionable,1
"integration,",1
Run,1
GRACE/GRACE,1
mandates,1
well-being,1
Lake,1
scientists).,1
assurance,1
delivering.Scientists,1
production…,1
out…,1
name,1
"analysing,",1
intellectually,1
"science”,",1
recordings,1
when,1
stored,1
specialists.,1
data.QBI,1
urban,1
analysts.We,1
power,1
around,1
engineers.Experience,1
world.,1
data.Fieldwork,1
Language…,1
quality).Ensure,1
preparation.,1
flexible,1
creation…,1
PCR,1
impact.,1
final,1
scientists.What,1
20,1
Click,1
expanding,1
moon,1
Currently,1
formulate,1
"organisation,",1
running,1
"journeys,",1
"experience,",1
advocate,1
purposes.Manual,1
has…,1
cognitive,1
feeder,1
Scientists.Working,1
story.Academic,1
stack,1
fun,1
CSV,1
Specimen,1
effectiveness,1
then,1
"Lotteries,",1
thing,1
"CDOs,",1
"abstracts,",1
State,1
"areas,",1
years’,1
engines,1
patients.They,1
consists,1
students’,1
ideas,1
independently.,1
OHW,1
data/software,1
Every,1
Exposure,1
skills.Spatial,1
Sydney.Back,1
Ehrenberg-Bass).Delivering,1
project…,1
numbers,1
Here,1
behave.,1
(ComAp),1
Generate,1
"protocols,",1
prepared,1
productionizing,1
educational,1
today's,1
leverage,1
"integration,…",1
modellers,1
reporting/presentation,1
analysis.Expertise,1
ML,1
behind,1
profiles,1
communication),1
"large,",1
"environments,",1
earned,1
"team,…",1
specifications.Advise,1
you?Experience,1
Office,1
"customers,…",1
NSW,1
undertaking,1
"organisation.Interrogate,",1
transforming,1
long,1
"world,",1
Reporting,1
seasoned,1
sets.Reporting,1
ownership,1
insight…,1
"customer,",1
"Warehousing,",1
Neurophysiology,1
embedded,1
"stakeholders,",1
Oracle,1
strictly,1
charting,1
theories,1
transformation.,1
Fundamental,1
embryos.,1
"storing,",1
Progression.Monitor,1
mentored,1
initiatives,1
"query,",1
further!Ability,1
Mathematics,1
capacity,1
ongoing…,1
utilising,1
producing,1
Scientist.We,1
taught,1
"vehicles,",1
"within,",1
1,1
Insights,1
bug,1
designs,1
plans,1
Assistant,1
"insightful,",1
crack,1
"peers,",1
exists,1
gap,1
helps,1
Engineering/IT,1
participating,1
boutique,1
mix,1
feeds.Full,1
ambulatory,1
stakeholders—from,1
indigenous,1
days,1
analysis?Visualisation,1
overseeing,1
proficiency,1
Supervision,1
acquire,1
Time,1
analytics;Investigate,1
users,1
greenfield,1
multi-view,1
IBM…,1
manuscript,1
doing,1
Fantastic,1
Brown-Forman’s,1
"hedges,",1
experts.,1
publication,1
company.,1
"into,",1
"lean,",1
site,1
holdings.Clinical,1
spatial.,1
individuals,1
day,1
engineers.The,1
infrastructure,1
role.,1
Number:The,1
lab;,1
industry?High,1
structures).,1
judgement…,1
preserve,1
individual.,1
CommBank,1
information.Good,1
"business,",1
data.As,1
Care,1
Scientists.Experience,1
startup,1
over.,1
"teaching,",1
act,1
they…,1
skillsets,1
optimise…,1
centred,1
challenge?,1
mentors,1
amount,1
friendly.,1
life-cycle.,1
newly,1
multidisciplinary,1
calculations,1
Import/export,1
accessible,1
Guides,1
sources…,1
entertainment,1
manager?,1
controls,1
Engineer).Conduct,1
software-related,1
"constructing,",1
logic,1
Technically,1
"up,",1
Assist,1
architects,1
loosely,1
Another,1
bunch,1
high-quality,1
eye,1
opinions.Present,1
/or,1
statistician,1
Proficient,1
"offerings,",1
annuity…,1
Eagle’s,1
NGS,1
Regularly,1
"Engineering,",1
Back-end,1
meeting,1
outcomes.Two,1
optimizing,1
predominantly,1
Enterprise,1
"Tableau,",1
Service,1
Vice,1
Scientist:Management,1
we’ll,1
newest,1
lakes),1
benefits,1
Experimental,1
(ECL),1
data.CSIRO,1
anthropology.,1
"dissemination,",1
standard,1
broad,1
pathology…,1
aspects,1
career,1
YOU?,1
launch,1
aren’t,1
"Spark,",1
world-leading,1
software.This,1
facing…,1
"spatial.Statistics,",1
"filtering),…",1
accompanied,1
"wrangling,",1
companies…,1
expansion,1
information.Fast,1
resolution,1
programs;,1
rewarding,1
"funds,",1
regarded.,1
investigate,1
should,1
"EEG,",1
specification,1
WEHI,1
per,1
segmentation.,1
"(statistics,",1
"cycle,",1
"geek""",1
Sensing),1
champion,1
SME,1
"metadata,",1
"region,",1
Project,1
"with,",1
mutations,1
state,1
agency.,1
postulate,1
expose,1
industry.,1
uplift,1
possible,1
engagement…,1
landmark,1
"Tabular,",1
Applications,1
"Laboratory,",1
finance,1
techniques.Data,1
Practical,1
"requirements,",1
Liaise,1
ensures,1
"engineering,",1
enterprises,1
amenity,1
AEI.Passion,1
provide…,1
Financials).,1
agriculture,1
rates;Analyse,1
(including,1
Sydney's,1
locations.,1
"worry,",1
data.Demonstrated,1
continually,1
integration…,1
science);Understanding,1
sustain,1
Sleep…,1
extend,1
home,1
"Azure,",1
structured…,1
"PHP,…",1
plethora,1
literature.,1
algorithms.You,1
sciences,1
encouraged,1
columnar,1
(for…,1
Investment,1
Term,1
Programming,1
patient,1
to;Intermediate,1
Strategically,1
volumes.,1
non-technical,1
(soil…,1
communicate…,1
gametes,1
Fellow,1
Strategy.,1
Review,1
analyst.If,1
EPA,1
Nurture,1
Status,1
"CIOs,",1
Information,1
paleoclimate,1
Especially,1
sits,1
"Probability,",1
accreditation,1
support.CRAY),1
fieldStrong,1
applications,1
Either,1
potential,1
24Months,1
"projects,",1
combined,1
AI.,1
Tabcorp,1
hipages,1
period,1
–.,1
Bachelor,1
staffing,1
optimisation,1
(2),1
Super.,1
LiDAR,1
analytical/statistical,1
dealing,1
proposals,1
innovating,1
front,1
Perth,1
competitors.Obtain,1
aspect,1
analysis.Previous,1
neural,1
establishment,1
"Leader,",1
Bringing,1
technology.,1
"documents,",1
If,1
Java,1
exp.,1
50,1
"Officer,",1
clinical…,1
"needs,",1
water/environmental,1
Awesome,1
for.,1
here,1
centre,1
experiences,1
"assessment,",1
advantage.Hamish,1
R&D,1
audience,1
cyber,1
portfolios,1
Modelling.,1
"ArcSight,",1
execute,1
"Preparing,",1
"Biophysics,",1
"(AASM),",1
"C++,",1
day.,1
Analyst-,1
item,1
travel,1
past,1
Statistics,1
university,1
professionals.You,1
impact:What’s,1
manufacturing,1
"reports,",1
Modelling.Senior,1
app,1
reputation,1
Industry,1
required.What,1
will:,1
preferences.Analyse,1
architectures,1
"text,",1
Excellence,1
accounts.,1
backgrounds,1
"Scala,",1
future.We,1
office.Part,1
Identifies,1
health…,1
Centre,1
Months,1
reusable,1
maintaining,1
"Scientists,…",1
language,1
engagement,1
disruptive,1
analysts.,1
story.,1
Collect,1
favourable.This,1
surveillance,1
Land,1
Method,1
wrangling,1
varying…,1
forecasts,1
"element,",1
sites.Data,1
assessments,1
Golden…,1
"fast-paced,",1
respected,1
CTO,1
"files/records,",1
amazing,1
"workshops,",1
liaison,1
handling,1
exp.In,1
"Researchers,",1
efforts.,1
derive,1
landing,1
company?,1
Cyber,1
code,1
architecture,1
March,1
"innovate,",1
cleansing/transformation,1
purposes.,1
scientists.Create,1
making.Assisting,1
economic,1
Institute,1
"discovery,",1
information.,1
email,1
PowerBI.,1
conversation,1
Accurately,1
VBA).,1
for…,1
Risk-,1
data.Experience,1
libraries.You,1
astronauts,1
Comfortable,1
analyst/scientist.Ability,1
reporting:,1
wider,1
there,1
geotechnical,1
Brisbane.,1
upstart,1
Environment,1
gambling,1
if:,1
results.,1
"""data",1
team!Here,1
government,1
Synthetic,1
Item,1
abundance,1
visually.JMP,1
"health,…",1
leader,1
telco,1
planners,1
important,1
"research,",1
desktop,1
quality…,1
video-EEG-ECG,1
solid…,1
"health,",1
exploring,1
human,1
scenes,1
summarise,1
work.,1
Examples,1
science).A,1
application.,1
regarded.How,1
contemporary,1
undertaking…,1
statistics,1
confidentiality,1
health,1
"platform,",1
core,1
co…,1
supervised,1
"R,…",1
"exploration,",1
Months.,1
"Estate,",1
convert,1
Fixed,1
previously,1
welcome,1
Day,1
Cash,1
eminent,1
renowned,1
comms,1
(Immunoassay),1
team.This,1
Contaminated,1
collecting…,1
long-standing,1
exp,1
Agile,1
"characterisation,",1
as…,1
automating,1
leadership,1
soil,1
with…,1
led,1
pragmatic,1
disrupting,1
rest,1
Cassandra,1
Maximum,1
Department,1
recognition,1
Azure…,1
fellow,1
tangible,1
Real,1
Medicine,1
"time,",1
tabulation.,1
hire,1
completeness;,1
key…,1
Mine,1
throughout,1
"planners,",1
MEAN,1
(IRG),1
making.Hungry,1
date),1
Bachelor's,1
"analysis),",1
Manages,1
suitably,1
WHY,1
data.Proven,1
High,1
particularly,1
System.We,1
data;Change,1
Department.Demonstrable,1
insights?,1
Laboratory,1
engineers.In,1
"storytellers,",1
Solutions,1
Hadoop,1
Analyse,1
experiment,1
geochemical,1
"franchises,",1
comprising,1
Natural,1
platform…,1
team.Customer,1
Science.Work,1
Foster,1
towards,1
assisting,1
guide,1
linear,1
operations.GET,1
mind,1
Important,1
take,1
department,1
data.We,1
software…,1
competence,1
SharePoint.,1
Profile,1
statisticians,1
available…,1
"datasets,",1
architectures.As,1
Opportunity,1
founders,1
human-machine,1
field;Credit,1
One,1
sophisticated,1
"C#,",1
coders,1
variable,1
post-sale,1
"tools,",1
dominate,1
critical,1
under,1
"streams,",1
"experienced,",1
Interpretation,1
domain,1
Blue,1
Pathology,1
Acquisition,1
interpretation;We,1
trials,1
Method…,1
directly,1
continuous…,1
arrangements.At,1
location,1
BT’s,1
IFRS9,1
implementations;,1
experience.Advanced,1
community.An,1
2020,1
way…,1
3-5,1
roles).,1
Labs.,1
unparalleled,1
"condition,",1
Ensure,1
"Business,",1
sets.Harness,1
capability,1
.Net,1
relation…,1
"externally,",1
Use,1
"(Spark,",1
AstraZeneca,1
organized,1
metrics.The,1
executive,1
"President,",1
Tooling,1
products.Testing,1
Governance.,1
Athlete,1
faster,1
datasets.,1
Prior,1
Identify,1
personalised,1
undertake:,1
"Mobile,",1
"Follow-On,…",1
Analysts.Our,1
Group,1
demonstrate,1
interfaces,1
Engineering),1
line,1
Availability,1
well-developed,1
tracking,1
valued.,1
no-code,1
medication,1
globe,1
integrate,1
"R).Running,",1
"distributed,",1
features.,1
"unique,",1
quick,1
"mathematics,",1
Melbourne.ELISA,1
mindsets,1
Highly,1
source…,1
results.Located,1
Minimum,1
Permanent,1
"role,",1
Mission,1
guiding,1
import/export,1
cases.,1
globe.,1
have:As,1
adapt.,1
"Consultants,",1
sounds,1
enhanced,1
place.,1
iconic,1
company’s,1
outcomes.,1
assets,1
education,1
rich,1
synthesize,1
Leader,1
trajectories,1
Defining,1
via,1
having,1
biometric,1
YAML.,1
"operators,",1
Embedding,1
oversees,1
regarding,1
Financials,1
consultant,1
Federal,1
(eg.,1
accurate.,1
potentially,1
"perspective,",1
(up,1
ecologists.,1
"60,000+",1
sizes,1
fundamental,1
science.It's,1
streaming,1
lake.At,1
"Staff,",1
Reduce,1
month,1
"Matlab,",1
"2D,",1
statewide,1
Assurance,1
DL,1
data.Adopting,1
challenging,1
lot,1
you!,1
"Accounting,",1
It,1
goal.,1
enables,1
assigns,1
permanent,1
robust,1
"engineers,…",1
ours,1
"Commerce,",1
"PO3,",1
groups.,1
engineer's,1
"evaluation,",1
delivered,1
hard-working,1
"review,",1
Python),1
everyone,1
strategy.,1
$200K,1
way.THIS,1
scientist.Data,1
"Now"".",1
Citizen,1
tabulation.Ensure,1
spanning,1
NodeJS,1
450,1
Stuart,1
preparation.Work,1
during,1
Strategy,1
lakes.,1
"executives,",1
Using,1
associated,1
American,1
co-supervised,1
self-proclaimed,1
security,1
"7,000",1
outcome.Ensuring,1
workforce,1
Someone,1
against,1
don’t,1
Answer,1
measurement,1
"design.Finally,",1
(ASA),1
speech,1
"cleaning,",1
changing,1
"improve,…",1
Senior…,1
concepts,1
role:,1
primary,1
logging.You,1
J.P.Morgan’s,1
dream,1
reporting;,1
version,1
"solutions,",1
takes,1
loss,1
emphasis,1
Based,1
oversight,1
spatial…,1
mining.Deliver,1
bonus.,1
cutting-edge,1
assumptions,1
"security,",1
"questions,",1
team.Australian,1
scientist.Experience,1
clarification,1
CFA,1
Cell,1
GIS),1
TSQL,1
environments.,1
position.,1
it’s,1
year’s,1
"specifically,",1
live,1
dig,1
scale…,1
most…,1
Quality,1
Northern,1
missions,1
Willing,1
multi-disciplined,1
experiences…,1
Key,1
Visualisation,1
State…,1
handle,1
Saas,1
fixed-term,1
Freelancer.,1
correct,1
Responds,1
algebra,1
Solve,1
PN,1
data.From,1
Demonstrate,1
Support,1
trial,1
Drawing,1
Haematology,1
associated…,1
production-grade,1
enabling,1
embrace,1
Developer,1
climate,1
Register,1
can-do,1
presentations,1
culture,1
"communities,",1
electronic,1
optimal,1
"visualization,",1
Leverage,1
out,1
Mobile,1
consolidation,1
data.Big,1
expectation,1
bonus.Experience,1
Architecture,1
"initiatives,",1
"Cloud,",1
"activities,",1
sheet,1
provision.,1
sample-based,1
JavaScript…,1
advisory,1
"Number:Monitor,",1
consumption,1
share,1
become,1
balance,1
City,1
"profiling,",1
(etc),1
ideal,1
indexing,1
Part,1
Success,1
consistent,1
self,1
insights.They’re,1
"database,",1
analytics;Dealing,1
Familiarity,1
analysis;,1
"infrastructure,",1
Regtech,1
numbers.,1
Analytical,1
"Biology,…",1
AutoCAD,1
performed,1
Front,1
multi…,1
participate…,1
foundation,1
mission:With,1
“The,1
minimum,1
(Remote,1
micromanage,1
"Tensorflow,",1
Associate,1
Scientist.Data,1
"neighbours,",1
(mainly,1
Application,1
Profiling.Able,1
detailed,1
uncertainty,1
Net,1
Officers,1
reclassify,1
tail,1
Flexible,1
credit…,1
"TAB,",1
management.,1
NLP,1
Delivery,1
Opens,1
able…,1
"professionals,",1
"(regression,…",1
bold,1
ad-hoc,1
stories.,1
pluggable,1
"Strategists,",1
Maintain,1
Python.,1
still,1
CBD*.,1
estimate,1
demand,1
hundreds,1
Australians,1
"geometry,",1
characteristics,1
Procurement,1
market.,1
Computing,1
microscopy…,1
immunoassay.Ensure,1
stakeholders.Minimum,1
IS,1
markets.,1
(with,1
analyzing,1
considered,1
asset,1
trusted…,1
the.QUT’s,1
mining,1
platforms.General,1
"month,",1
PhD,1
Card,1
"Cloud,…",1
prepare,1
DBM,1
main,1
brain,1
biometrics,1
(Systems,1
"transactional,",1
skills.A,1
"people,",1
chromatin,1
secure,1
end-to-end,1
qPCR,1
Opportunities,1
actively,1
solutions.But,1
Barangaroo.,1
mapping…,1
JMP…,1
Structural,1
office.,1
skills.Across,1
"reporting,",1
story,1
Position,1
Predict,1
(especially,1
hobbyists.,1
independently,1
mentoring,1
we’re,1
queries.,1
data;Undertake,1
LIMS,1
field…,1
scientists.Deepen,1
object-oriented,1
keeping.Assist,1
Lakes,1
consult,1
imaginative.,1
transformations,1
true,1
have:,1
epidemiology,1
requires,1
Through,1
stimulating,1
emerging,1
LCMS.Ensure,1
"Compile,",1
must,1
follow,1
flourish.One,1
tell,1
sees,1
Discipline,1
sense',1
